INSERT INTO marca (id, nombre, activo) VALUES (1, 'Ford', true), (2, 'Chevrolet', true), (3, 'Toyota', true);
INSERT INTO modelo (nombre, activo, id_marca) VALUES ('Fiesta', true, 1), ('Mustang', true, 1), ('Camaro', true, 2), ('Corolla', false, 3);
INSERT INTO tecnico (dni, num_tel, legajo, nombre, apellido, direccion, email, activo) VALUES (12345678, '123-456-7890', 101, 'Juan', 'Perez', 'Calle 123', 'juan.perez@email.com', true), (87654321, '987-654-3210', 102, 'Maria', 'Gomez', 'Avenida 456', 'maria.gomez@email.com', true), (55555555, '555-555-5555', 103, 'Carlos', 'Lopez', 'Ruta 789', 'carlos.lopez@email.com', false);
INSERT INTO cliente (dni, num_tel, nombre, apellido, direccion, email, activo, licencia_conducir) VALUES (12345678, '123-456-7890', 'Juan', 'Perez', 'Calle 123', 'juan.perez@email.com', true, 'Licencia123456'), (87654321, '987-654-3210', 'Maria', 'Gomez', 'Avenida 456', 'maria.gomez@email.com', true, 'Licencia654321'), (55555555, '555-555-5555', 'Carlos', 'Lopez', 'Ruta 789', 'carlos.lopez@email.com', false, 'Licencia555555');
INSERT INTO vehiculo (kilometraje, patente, id_marca, id_modelo, id_cliente, activo, anio) VALUES (50000, 'ABC123', 1, 1, 1, true, 2022), (70000, 'XYZ789', 2, 2, 2, false, 2020), (30000, 'DEF456', 3, 3, 3, true, 2021);
INSERT INTO servicio (nombre, precio, activo, descripcion) VALUES ('Cambio de aceite', 50.00, true, 'Incluye cambio de filtro de aceite'), ('Alineación y balanceo', 80.00, true, 'Servicio completo para mantener la estabilidad del vehículo'), ('Reparación de frenos', 120.00, false, 'Revisión y reparación del sistema de frenos');
